feature,odds_ratio,p_value
Junction,1.5728655703501118,0.0
Traffic_Signal,0.39081134807360396,0.0
Crossing,0.2841975847295322,0.0
