visibility_bin,high_risk
"(-0.001, 1.0]",0.16917173445977932
"(1.0, 2.0]",0.22059220470740662
"(2.0, 5.0]",0.22051139813641782
"(5.0, 10.0]",0.19226660134643017
"(10.0, 20.0]",0.29310510626021735
"(20.0, 50.0]",0.36926147704590817
