feature,odds_ratio,p_value
Junction,1.2785325915919805,0.0
Traffic_Signal,0.5529883740627493,0.0
Crossing,0.40131568744087004,0.0
