high_risk,visibility,wind_speed,precipitation
0,8.971606,7.2932034,0.0072935554
1,8.748742,7.955458,0.014934924
